Date,Views,Likes,Comments
1/5/2023 15:04,48,0,0
01/09/2023 14:48:22,49,0,0
"1/9/2023 2:48:22 PM","49","0","0"
01/10/2023 11:25:02,49,0,0
"1/10/2023 11:25:02 AM","49","0","0"
01/10/2023 11:27:30,49,0,0
"1/10/2023 11:27:30 AM","49","0","0"
01/12/2023 10:59:59,49,0,0
"1/12/2023 10:59:59 AM","49","0","0"
01/13/2023 14:36:15,49,0,0
"1/13/2023 2:36:15 PM","49","0","0"
01/13/2023 14:46:00,49,0,0
"1/13/2023 2:46:00 PM","49","0","0"
01/17/2023 15:45:38,49,0,0
"1/17/2023 3:45:38 PM","49","0","0"
01/19/2023 15:37:02,49,0,0
"1/19/2023 3:37:02 PM","49","0","0"
